Name,Address,Phone,Hours,Self_Pickup,X,Y
中華民國航空測量及遙感探測學會,台北市文山區羅斯福路五段111號3樓,02-86633468,一～五09:00–18:00,NO,121.5391272,25.00521093
小林春廣式腸粉,台北市文山區公館街166號,02-29322656,一～六11:00–14:00、17:00 –19:30,NO,121.5385021,25.00487499
欣田小館,台北市文山區羅斯福路五段176巷1弄1號,02-29350897,一～日（二休）11:00–14:00、17:00 –20:40,NO,121.5382646,25.00416084
三十年大腸麵線店,台北市文山區羅斯福路五段192巷23號,,一～五11:00–20:00,NO,121.5370522,25.00439868
